id,product_tmpl_id/id,attribute_id/id,value_ids/id
boxwise_wms_pampiraiki.product_attribute_line_cladts_g,boxwise_wms_pampiraiki.product_template_v2_cladts,boxwise_wms_pampiraiki.product_attribute_gender,"boxwise_wms_pampiraiki.product_attribute_value_gmix,boxwise_wms_pampiraiki.product_attribute_value_gm,boxwise_wms_pampiraiki.product_attribute_value_gw,boxwise_wms_pampiraiki.product_attribute_value_gu"
boxwise_wms_pampiraiki.product_attribute_line_cladts_sz,boxwise_wms_pampiraiki.product_template_v2_cladts,boxwise_wms_pampiraiki.product_attribute_size,"boxwise_wms_pampiraiki.product_attribute_value_smix,boxwise_wms_pampiraiki.product_attribute_value_sxs,boxwise_wms_pampiraiki.product_attribute_value_ss,boxwise_wms_pampiraiki.product_attribute_value_sm,boxwise_wms_pampiraiki.product_attribute_value_sl,boxwise_wms_pampiraiki.product_attribute_value_sxl,boxwise_wms_pampiraiki.product_attribute_value_sxxl"
boxwise_wms_pampiraiki.product_attribute_line_cladts_ss,boxwise_wms_pampiraiki.product_template_v2_cladts,boxwise_wms_pampiraiki.product_attribute_season,"boxwise_wms_pampiraiki.product_attribute_value_season_w,boxwise_wms_pampiraiki.product_attribute_value_season_s"
boxwise_wms_pampiraiki.product_attribute_line_cladsh_g,boxwise_wms_pampiraiki.product_template_v2_cladsh,boxwise_wms_pampiraiki.product_attribute_gender,"boxwise_wms_pampiraiki.product_attribute_value_gmix,boxwise_wms_pampiraiki.product_attribute_value_gm,boxwise_wms_pampiraiki.product_attribute_value_gw,boxwise_wms_pampiraiki.product_attribute_value_gu"
boxwise_wms_pampiraiki.product_attribute_line_cladsh_sz,boxwise_wms_pampiraiki.product_template_v2_cladsh,boxwise_wms_pampiraiki.product_attribute_size,"boxwise_wms_pampiraiki.product_attribute_value_smix,boxwise_wms_pampiraiki.product_attribute_value_sxs,boxwise_wms_pampiraiki.product_attribute_value_ss,boxwise_wms_pampiraiki.product_attribute_value_sm,boxwise_wms_pampiraiki.product_attribute_value_sl,boxwise_wms_pampiraiki.product_attribute_value_sxl,boxwise_wms_pampiraiki.product_attribute_value_sxxl"
boxwise_wms_pampiraiki.product_attribute_line_cladsh_ss,boxwise_wms_pampiraiki.product_template_v2_cladsh,boxwise_wms_pampiraiki.product_attribute_season,boxwise_wms_pampiraiki.product_attribute_value_season_s
boxwise_wms_pampiraiki.product_attribute_line_cladsk_sz,boxwise_wms_pampiraiki.product_template_v2_cladsk,boxwise_wms_pampiraiki.product_attribute_size,"boxwise_wms_pampiraiki.product_attribute_value_smix,boxwise_wms_pampiraiki.product_attribute_value_sxs,boxwise_wms_pampiraiki.product_attribute_value_ss,boxwise_wms_pampiraiki.product_attribute_value_sm,boxwise_wms_pampiraiki.product_attribute_value_sl,boxwise_wms_pampiraiki.product_attribute_value_sxl,boxwise_wms_pampiraiki.product_attribute_value_sxxl"
boxwise_wms_pampiraiki.product_attribute_line_cladsk_ss,boxwise_wms_pampiraiki.product_template_v2_cladsk,boxwise_wms_pampiraiki.product_attribute_season,boxwise_wms_pampiraiki.product_attribute_value_season_s
boxwise_wms_pampiraiki.product_attribute_line_claddr_sz,boxwise_wms_pampiraiki.product_template_v2_claddr,boxwise_wms_pampiraiki.product_attribute_size,"boxwise_wms_pampiraiki.product_attribute_value_smix,boxwise_wms_pampiraiki.product_attribute_value_sxs,boxwise_wms_pampiraiki.product_attribute_value_ss,boxwise_wms_pampiraiki.product_attribute_value_sm,boxwise_wms_pampiraiki.product_attribute_value_sl,boxwise_wms_pampiraiki.product_attribute_value_sxl,boxwise_wms_pampiraiki.product_attribute_value_sxxl"
boxwise_wms_pampiraiki.product_attribute_line_claddr_ss,boxwise_wms_pampiraiki.product_template_v2_claddr,boxwise_wms_pampiraiki.product_attribute_season,"boxwise_wms_pampiraiki.product_attribute_value_season_w,boxwise_wms_pampiraiki.product_attribute_value_season_s"
,,,
,,,
,,,
boxwise_wms_pampiraiki.product_attribute_line_clchts_g,boxwise_wms_pampiraiki.product_template_v2_clchts,boxwise_wms_pampiraiki.product_attribute_gender,"boxwise_wms_pampiraiki.product_attribute_value_gmix,boxwise_wms_pampiraiki.product_attribute_value_gb,boxwise_wms_pampiraiki.product_attribute_value_gg,boxwise_wms_pampiraiki.product_attribute_value_gu"
boxwise_wms_pampiraiki.product_attribute_line_clchts_sz,boxwise_wms_pampiraiki.product_template_v2_clchts,boxwise_wms_pampiraiki.product_attribute_size,"boxwise_wms_pampiraiki.product_attribute_value_smix,boxwise_wms_pampiraiki.product_attribute_value_s13y,boxwise_wms_pampiraiki.product_attribute_value_s47y,boxwise_wms_pampiraiki.product_attribute_value_s811y,boxwise_wms_pampiraiki.product_attribute_value_s1216y"
boxwise_wms_pampiraiki.product_attribute_line_clchts_ss,boxwise_wms_pampiraiki.product_template_v2_clchts,boxwise_wms_pampiraiki.product_attribute_season,"boxwise_wms_pampiraiki.product_attribute_value_season_w,boxwise_wms_pampiraiki.product_attribute_value_season_s"
boxwise_wms_pampiraiki.product_attribute_line_clchsh_g,boxwise_wms_pampiraiki.product_template_v2_clchsh,boxwise_wms_pampiraiki.product_attribute_gender,"boxwise_wms_pampiraiki.product_attribute_value_gmix,boxwise_wms_pampiraiki.product_attribute_value_gb,boxwise_wms_pampiraiki.product_attribute_value_gg,boxwise_wms_pampiraiki.product_attribute_value_gu"
boxwise_wms_pampiraiki.product_attribute_line_clchsh_sz,boxwise_wms_pampiraiki.product_template_v2_clchsh,boxwise_wms_pampiraiki.product_attribute_size,"boxwise_wms_pampiraiki.product_attribute_value_smix,boxwise_wms_pampiraiki.product_attribute_value_s13y,boxwise_wms_pampiraiki.product_attribute_value_s47y,boxwise_wms_pampiraiki.product_attribute_value_s811y,boxwise_wms_pampiraiki.product_attribute_value_s1216y"
boxwise_wms_pampiraiki.product_attribute_line_clchsh_ss,boxwise_wms_pampiraiki.product_template_v2_clchsh,boxwise_wms_pampiraiki.product_attribute_season,boxwise_wms_pampiraiki.product_attribute_value_season_s
boxwise_wms_pampiraiki.product_attribute_line_clchsk_sz,boxwise_wms_pampiraiki.product_template_v2_clchsk,boxwise_wms_pampiraiki.product_attribute_size,"boxwise_wms_pampiraiki.product_attribute_value_smix,boxwise_wms_pampiraiki.product_attribute_value_s13y,boxwise_wms_pampiraiki.product_attribute_value_s47y,boxwise_wms_pampiraiki.product_attribute_value_s811y,boxwise_wms_pampiraiki.product_attribute_value_s1216y"
boxwise_wms_pampiraiki.product_attribute_line_clchsk_ss,boxwise_wms_pampiraiki.product_template_v2_clchsk,boxwise_wms_pampiraiki.product_attribute_season,"boxwise_wms_pampiraiki.product_attribute_value_season_w,boxwise_wms_pampiraiki.product_attribute_value_season_s"
,,,
boxwise_wms_pampiraiki.product_attribute_line_clchdr_sz,boxwise_wms_pampiraiki.product_template_v2_clchdr,boxwise_wms_pampiraiki.product_attribute_size,"boxwise_wms_pampiraiki.product_attribute_value_smix,boxwise_wms_pampiraiki.product_attribute_value_s13y,boxwise_wms_pampiraiki.product_attribute_value_s47y,boxwise_wms_pampiraiki.product_attribute_value_s811y,boxwise_wms_pampiraiki.product_attribute_value_s1216y"
boxwise_wms_pampiraiki.product_attribute_line_clchdr_ss,boxwise_wms_pampiraiki.product_template_v2_clchdr,boxwise_wms_pampiraiki.product_attribute_season,"boxwise_wms_pampiraiki.product_attribute_value_season_w,boxwise_wms_pampiraiki.product_attribute_value_season_s"
,,,
,,,
,,,
boxwise_wms_pampiraiki.product_attribute_line_cladco_g,boxwise_wms_pampiraiki.product_template_v2_cladco,boxwise_wms_pampiraiki.product_attribute_gender,"boxwise_wms_pampiraiki.product_attribute_value_gmix,boxwise_wms_pampiraiki.product_attribute_value_gm,boxwise_wms_pampiraiki.product_attribute_value_gw,boxwise_wms_pampiraiki.product_attribute_value_gu"
boxwise_wms_pampiraiki.product_attribute_line_cladco_sz,boxwise_wms_pampiraiki.product_template_v2_cladco,boxwise_wms_pampiraiki.product_attribute_size,"boxwise_wms_pampiraiki.product_attribute_value_smix,boxwise_wms_pampiraiki.product_attribute_value_sxs,boxwise_wms_pampiraiki.product_attribute_value_ss,boxwise_wms_pampiraiki.product_attribute_value_sm,boxwise_wms_pampiraiki.product_attribute_value_sl,boxwise_wms_pampiraiki.product_attribute_value_sxl,boxwise_wms_pampiraiki.product_attribute_value_sxxl"
boxwise_wms_pampiraiki.product_attribute_line_cladco_ss,boxwise_wms_pampiraiki.product_template_v2_cladco,boxwise_wms_pampiraiki.product_attribute_season,boxwise_wms_pampiraiki.product_attribute_value_season_w
boxwise_wms_pampiraiki.product_attribute_line_cladsw_g,boxwise_wms_pampiraiki.product_template_v2_cladsw,boxwise_wms_pampiraiki.product_attribute_gender,"boxwise_wms_pampiraiki.product_attribute_value_gmix,boxwise_wms_pampiraiki.product_attribute_value_gm,boxwise_wms_pampiraiki.product_attribute_value_gw,boxwise_wms_pampiraiki.product_attribute_value_gu"
boxwise_wms_pampiraiki.product_attribute_line_cladsw_sz,boxwise_wms_pampiraiki.product_template_v2_cladsw,boxwise_wms_pampiraiki.product_attribute_size,"boxwise_wms_pampiraiki.product_attribute_value_smix,boxwise_wms_pampiraiki.product_attribute_value_sxs,boxwise_wms_pampiraiki.product_attribute_value_ss,boxwise_wms_pampiraiki.product_attribute_value_sm,boxwise_wms_pampiraiki.product_attribute_value_sl,boxwise_wms_pampiraiki.product_attribute_value_sxl,boxwise_wms_pampiraiki.product_attribute_value_sxxl"
boxwise_wms_pampiraiki.product_attribute_line_cladsw_ss,boxwise_wms_pampiraiki.product_template_v2_cladsw,boxwise_wms_pampiraiki.product_attribute_season,boxwise_wms_pampiraiki.product_attribute_value_season_w
boxwise_wms_pampiraiki.product_attribute_line_cladso_g,boxwise_wms_pampiraiki.product_template_v2_cladso,boxwise_wms_pampiraiki.product_attribute_gender,"boxwise_wms_pampiraiki.product_attribute_value_gmix,boxwise_wms_pampiraiki.product_attribute_value_gm,boxwise_wms_pampiraiki.product_attribute_value_gw,boxwise_wms_pampiraiki.product_attribute_value_gu"
boxwise_wms_pampiraiki.product_attribute_line_cladso_ss,boxwise_wms_pampiraiki.product_template_v2_cladso,boxwise_wms_pampiraiki.product_attribute_season,"boxwise_wms_pampiraiki.product_attribute_value_season_w,boxwise_wms_pampiraiki.product_attribute_value_season_s"
,,,
boxwise_wms_pampiraiki.product_attribute_line_cladsc_g,boxwise_wms_pampiraiki.product_template_v2_cladsc,boxwise_wms_pampiraiki.product_attribute_gender,"boxwise_wms_pampiraiki.product_attribute_value_gmix,boxwise_wms_pampiraiki.product_attribute_value_gm,boxwise_wms_pampiraiki.product_attribute_value_gw,boxwise_wms_pampiraiki.product_attribute_value_gu"
boxwise_wms_pampiraiki.product_attribute_line_cladsc_ss,boxwise_wms_pampiraiki.product_template_v2_cladsc,boxwise_wms_pampiraiki.product_attribute_season,"boxwise_wms_pampiraiki.product_attribute_value_season_w,boxwise_wms_pampiraiki.product_attribute_value_season_s"
,,,
boxwise_wms_pampiraiki.product_attribute_line_cladha_g,boxwise_wms_pampiraiki.product_template_v2_cladha,boxwise_wms_pampiraiki.product_attribute_gender,"boxwise_wms_pampiraiki.product_attribute_value_gmix,boxwise_wms_pampiraiki.product_attribute_value_gm,boxwise_wms_pampiraiki.product_attribute_value_gw,boxwise_wms_pampiraiki.product_attribute_value_gu"
boxwise_wms_pampiraiki.product_attribute_line_cladha_ss,boxwise_wms_pampiraiki.product_template_v2_cladha,boxwise_wms_pampiraiki.product_attribute_season,boxwise_wms_pampiraiki.product_attribute_value_season_w
,,,
boxwise_wms_pampiraiki.product_attribute_line_cladgl_g,boxwise_wms_pampiraiki.product_template_v2_cladgl,boxwise_wms_pampiraiki.product_attribute_gender,"boxwise_wms_pampiraiki.product_attribute_value_gmix,boxwise_wms_pampiraiki.product_attribute_value_gm,boxwise_wms_pampiraiki.product_attribute_value_gw,boxwise_wms_pampiraiki.product_attribute_value_gu"
boxwise_wms_pampiraiki.product_attribute_line_cladgl_ss,boxwise_wms_pampiraiki.product_template_v2_cladgl,boxwise_wms_pampiraiki.product_attribute_season,boxwise_wms_pampiraiki.product_attribute_value_season_w
,,,
,,,
,,,
boxwise_wms_pampiraiki.product_attribute_line_clchco_g,boxwise_wms_pampiraiki.product_template_v2_clchco,boxwise_wms_pampiraiki.product_attribute_gender,"boxwise_wms_pampiraiki.product_attribute_value_gmix,boxwise_wms_pampiraiki.product_attribute_value_gb,boxwise_wms_pampiraiki.product_attribute_value_gg,boxwise_wms_pampiraiki.product_attribute_value_gu"
boxwise_wms_pampiraiki.product_attribute_line_clchco_sz,boxwise_wms_pampiraiki.product_template_v2_clchco,boxwise_wms_pampiraiki.product_attribute_size,"boxwise_wms_pampiraiki.product_attribute_value_smix,boxwise_wms_pampiraiki.product_attribute_value_s13y,boxwise_wms_pampiraiki.product_attribute_value_s47y,boxwise_wms_pampiraiki.product_attribute_value_s811y,boxwise_wms_pampiraiki.product_attribute_value_s1216y"
boxwise_wms_pampiraiki.product_attribute_line_clchco_ss,boxwise_wms_pampiraiki.product_template_v2_clchco,boxwise_wms_pampiraiki.product_attribute_season,"boxwise_wms_pampiraiki.product_attribute_value_season_w,boxwise_wms_pampiraiki.product_attribute_value_season_s"
boxwise_wms_pampiraiki.product_attribute_line_clchsw_g,boxwise_wms_pampiraiki.product_template_v2_clchsw,boxwise_wms_pampiraiki.product_attribute_gender,"boxwise_wms_pampiraiki.product_attribute_value_gmix,boxwise_wms_pampiraiki.product_attribute_value_gb,boxwise_wms_pampiraiki.product_attribute_value_gg,boxwise_wms_pampiraiki.product_attribute_value_gu"
boxwise_wms_pampiraiki.product_attribute_line_clchsw_sz,boxwise_wms_pampiraiki.product_template_v2_clchsw,boxwise_wms_pampiraiki.product_attribute_size,"boxwise_wms_pampiraiki.product_attribute_value_smix,boxwise_wms_pampiraiki.product_attribute_value_s13y,boxwise_wms_pampiraiki.product_attribute_value_s47y,boxwise_wms_pampiraiki.product_attribute_value_s811y,boxwise_wms_pampiraiki.product_attribute_value_s1216y"
boxwise_wms_pampiraiki.product_attribute_line_clchsw_ss,boxwise_wms_pampiraiki.product_template_v2_clchsw,boxwise_wms_pampiraiki.product_attribute_season,boxwise_wms_pampiraiki.product_attribute_value_season_w
boxwise_wms_pampiraiki.product_attribute_line_clchso_g,boxwise_wms_pampiraiki.product_template_v2_clchso,boxwise_wms_pampiraiki.product_attribute_gender,"boxwise_wms_pampiraiki.product_attribute_value_gmix,boxwise_wms_pampiraiki.product_attribute_value_gb,boxwise_wms_pampiraiki.product_attribute_value_gg,boxwise_wms_pampiraiki.product_attribute_value_gu"
boxwise_wms_pampiraiki.product_attribute_line_clchso_sz,boxwise_wms_pampiraiki.product_template_v2_clchso,boxwise_wms_pampiraiki.product_attribute_size,"boxwise_wms_pampiraiki.product_attribute_value_smix,boxwise_wms_pampiraiki.product_attribute_value_s13y,boxwise_wms_pampiraiki.product_attribute_value_s47y,boxwise_wms_pampiraiki.product_attribute_value_s811y,boxwise_wms_pampiraiki.product_attribute_value_s1216y"
boxwise_wms_pampiraiki.product_attribute_line_clchso_ss,boxwise_wms_pampiraiki.product_template_v2_clchso,boxwise_wms_pampiraiki.product_attribute_season,"boxwise_wms_pampiraiki.product_attribute_value_season_w,boxwise_wms_pampiraiki.product_attribute_value_season_s"
boxwise_wms_pampiraiki.product_attribute_line_clchsc_g,boxwise_wms_pampiraiki.product_template_v2_clchsc,boxwise_wms_pampiraiki.product_attribute_gender,"boxwise_wms_pampiraiki.product_attribute_value_gmix,boxwise_wms_pampiraiki.product_attribute_value_gb,boxwise_wms_pampiraiki.product_attribute_value_gg,boxwise_wms_pampiraiki.product_attribute_value_gu"
boxwise_wms_pampiraiki.product_attribute_line_clchsc_ss,boxwise_wms_pampiraiki.product_template_v2_clchsc,boxwise_wms_pampiraiki.product_attribute_season,"boxwise_wms_pampiraiki.product_attribute_value_season_w,boxwise_wms_pampiraiki.product_attribute_value_season_s"
,,,
boxwise_wms_pampiraiki.product_attribute_line_clchha_g,boxwise_wms_pampiraiki.product_template_v2_clchha,boxwise_wms_pampiraiki.product_attribute_gender,"boxwise_wms_pampiraiki.product_attribute_value_gmix,boxwise_wms_pampiraiki.product_attribute_value_gb,boxwise_wms_pampiraiki.product_attribute_value_gg,boxwise_wms_pampiraiki.product_attribute_value_gu"
boxwise_wms_pampiraiki.product_attribute_line_clchha_ss,boxwise_wms_pampiraiki.product_template_v2_clchha,boxwise_wms_pampiraiki.product_attribute_season,boxwise_wms_pampiraiki.product_attribute_value_season_w
,,,
boxwise_wms_pampiraiki.product_attribute_line_clchgl_g,boxwise_wms_pampiraiki.product_template_v2_clchgl,boxwise_wms_pampiraiki.product_attribute_gender,"boxwise_wms_pampiraiki.product_attribute_value_gmix,boxwise_wms_pampiraiki.product_attribute_value_gb,boxwise_wms_pampiraiki.product_attribute_value_gg,boxwise_wms_pampiraiki.product_attribute_value_gu"
boxwise_wms_pampiraiki.product_attribute_line_clchgl_ss,boxwise_wms_pampiraiki.product_template_v2_clchgl,boxwise_wms_pampiraiki.product_attribute_season,boxwise_wms_pampiraiki.product_attribute_value_season_w
,,,
boxwise_wms_pampiraiki.product_attribute_line_clbabco_g,boxwise_wms_pampiraiki.product_template_v2_clbabco,boxwise_wms_pampiraiki.product_attribute_gender,"boxwise_wms_pampiraiki.product_attribute_value_gmix,boxwise_wms_pampiraiki.product_attribute_value_gbb,boxwise_wms_pampiraiki.product_attribute_value_gbg,boxwise_wms_pampiraiki.product_attribute_value_gu"
boxwise_wms_pampiraiki.product_attribute_line_clbabco_sz,boxwise_wms_pampiraiki.product_template_v2_clbabco,boxwise_wms_pampiraiki.product_attribute_size,"boxwise_wms_pampiraiki.product_attribute_value_smix,boxwise_wms_pampiraiki.product_attribute_value_s06m,boxwise_wms_pampiraiki.product_attribute_value_s612m,boxwise_wms_pampiraiki.product_attribute_value_s012m"
boxwise_wms_pampiraiki.product_attribute_line_clbabco_ss,boxwise_wms_pampiraiki.product_template_v2_clbabco,boxwise_wms_pampiraiki.product_attribute_season,"boxwise_wms_pampiraiki.product_attribute_value_season_s,boxwise_wms_pampiraiki.product_attribute_value_season_w"
boxwise_wms_pampiraiki.product_attribute_line_clbabha_g,boxwise_wms_pampiraiki.product_template_v2_clbabha,boxwise_wms_pampiraiki.product_attribute_gender,"boxwise_wms_pampiraiki.product_attribute_value_gmix,boxwise_wms_pampiraiki.product_attribute_value_gbb,boxwise_wms_pampiraiki.product_attribute_value_gbg,boxwise_wms_pampiraiki.product_attribute_value_gu"
boxwise_wms_pampiraiki.product_attribute_line_clbabha_sz,boxwise_wms_pampiraiki.product_template_v2_clbabha,boxwise_wms_pampiraiki.product_attribute_size,"boxwise_wms_pampiraiki.product_attribute_value_smix,boxwise_wms_pampiraiki.product_attribute_value_s06m,boxwise_wms_pampiraiki.product_attribute_value_s612m,boxwise_wms_pampiraiki.product_attribute_value_s012m"
boxwise_wms_pampiraiki.product_attribute_line_clbabha_ss,boxwise_wms_pampiraiki.product_template_v2_clbabha,boxwise_wms_pampiraiki.product_attribute_season,boxwise_wms_pampiraiki.product_attribute_value_season_w
boxwise_wms_pampiraiki.product_attribute_line_clbabgl_g,boxwise_wms_pampiraiki.product_template_v2_clbabgl,boxwise_wms_pampiraiki.product_attribute_gender,"boxwise_wms_pampiraiki.product_attribute_value_gmix,boxwise_wms_pampiraiki.product_attribute_value_gbb,boxwise_wms_pampiraiki.product_attribute_value_gbg,boxwise_wms_pampiraiki.product_attribute_value_gu"
boxwise_wms_pampiraiki.product_attribute_line_clbabgl_sz,boxwise_wms_pampiraiki.product_template_v2_clbabgl,boxwise_wms_pampiraiki.product_attribute_size,"boxwise_wms_pampiraiki.product_attribute_value_smix,boxwise_wms_pampiraiki.product_attribute_value_s06m,boxwise_wms_pampiraiki.product_attribute_value_s612m,boxwise_wms_pampiraiki.product_attribute_value_s012m"
boxwise_wms_pampiraiki.product_attribute_line_clbabgl_ss,boxwise_wms_pampiraiki.product_template_v2_clbabgl,boxwise_wms_pampiraiki.product_attribute_season,boxwise_wms_pampiraiki.product_attribute_value_season_w
,,,
,,,
boxwise_wms_pampiraiki.product_attribute_line_cladtop_g,boxwise_wms_pampiraiki.product_template_v2_cladtop,boxwise_wms_pampiraiki.product_attribute_gender,"boxwise_wms_pampiraiki.product_attribute_value_gmix,boxwise_wms_pampiraiki.product_attribute_value_gm,boxwise_wms_pampiraiki.product_attribute_value_gw,boxwise_wms_pampiraiki.product_attribute_value_gu"
boxwise_wms_pampiraiki.product_attribute_line_cladtop_sz,boxwise_wms_pampiraiki.product_template_v2_cladtop,boxwise_wms_pampiraiki.product_attribute_size,"boxwise_wms_pampiraiki.product_attribute_value_smix,boxwise_wms_pampiraiki.product_attribute_value_sxs,boxwise_wms_pampiraiki.product_attribute_value_ss,boxwise_wms_pampiraiki.product_attribute_value_sm,boxwise_wms_pampiraiki.product_attribute_value_sl,boxwise_wms_pampiraiki.product_attribute_value_sxl,boxwise_wms_pampiraiki.product_attribute_value_sxxl"
boxwise_wms_pampiraiki.product_attribute_line_cladtop_ss,boxwise_wms_pampiraiki.product_template_v2_cladtop,boxwise_wms_pampiraiki.product_attribute_season,"boxwise_wms_pampiraiki.product_attribute_value_season_w,boxwise_wms_pampiraiki.product_attribute_value_season_s"
boxwise_wms_pampiraiki.product_attribute_line_cladtr_g,boxwise_wms_pampiraiki.product_template_v2_cladtr,boxwise_wms_pampiraiki.product_attribute_gender,"boxwise_wms_pampiraiki.product_attribute_value_gmix,boxwise_wms_pampiraiki.product_attribute_value_gm,boxwise_wms_pampiraiki.product_attribute_value_gw,boxwise_wms_pampiraiki.product_attribute_value_gu"
boxwise_wms_pampiraiki.product_attribute_line_cladtr_sz,boxwise_wms_pampiraiki.product_template_v2_cladtr,boxwise_wms_pampiraiki.product_attribute_size,"boxwise_wms_pampiraiki.product_attribute_value_smix,boxwise_wms_pampiraiki.product_attribute_value_sxs,boxwise_wms_pampiraiki.product_attribute_value_ss,boxwise_wms_pampiraiki.product_attribute_value_sm,boxwise_wms_pampiraiki.product_attribute_value_sl,boxwise_wms_pampiraiki.product_attribute_value_sxl,boxwise_wms_pampiraiki.product_attribute_value_sxxl"
boxwise_wms_pampiraiki.product_attribute_line_cladtr_ss,boxwise_wms_pampiraiki.product_template_v2_cladtr,boxwise_wms_pampiraiki.product_attribute_season,"boxwise_wms_pampiraiki.product_attribute_value_season_w,boxwise_wms_pampiraiki.product_attribute_value_season_s"
boxwise_wms_pampiraiki.product_attribute_line_cladjo_g,boxwise_wms_pampiraiki.product_template_v2_cladjo,boxwise_wms_pampiraiki.product_attribute_gender,"boxwise_wms_pampiraiki.product_attribute_value_gmix,boxwise_wms_pampiraiki.product_attribute_value_gm,boxwise_wms_pampiraiki.product_attribute_value_gw,boxwise_wms_pampiraiki.product_attribute_value_gu"
boxwise_wms_pampiraiki.product_attribute_line_cladjo_sz,boxwise_wms_pampiraiki.product_template_v2_cladjo,boxwise_wms_pampiraiki.product_attribute_size,"boxwise_wms_pampiraiki.product_attribute_value_smix,boxwise_wms_pampiraiki.product_attribute_value_sxs,boxwise_wms_pampiraiki.product_attribute_value_ss,boxwise_wms_pampiraiki.product_attribute_value_sm,boxwise_wms_pampiraiki.product_attribute_value_sl,boxwise_wms_pampiraiki.product_attribute_value_sxl,boxwise_wms_pampiraiki.product_attribute_value_sxxl"
boxwise_wms_pampiraiki.product_attribute_line_cladjo_ss,boxwise_wms_pampiraiki.product_template_v2_cladjo,boxwise_wms_pampiraiki.product_attribute_season,boxwise_wms_pampiraiki.product_attribute_value_season_w
boxwise_wms_pampiraiki.product_attribute_line_cladpa_g,boxwise_wms_pampiraiki.product_template_v2_cladpa,boxwise_wms_pampiraiki.product_attribute_gender,"boxwise_wms_pampiraiki.product_attribute_value_gmix,boxwise_wms_pampiraiki.product_attribute_value_gm,boxwise_wms_pampiraiki.product_attribute_value_gw,boxwise_wms_pampiraiki.product_attribute_value_gu"
boxwise_wms_pampiraiki.product_attribute_line_cladpa_sz,boxwise_wms_pampiraiki.product_template_v2_cladpa,boxwise_wms_pampiraiki.product_attribute_size,"boxwise_wms_pampiraiki.product_attribute_value_smix,boxwise_wms_pampiraiki.product_attribute_value_sxs,boxwise_wms_pampiraiki.product_attribute_value_ss,boxwise_wms_pampiraiki.product_attribute_value_sm,boxwise_wms_pampiraiki.product_attribute_value_sl,boxwise_wms_pampiraiki.product_attribute_value_sxl,boxwise_wms_pampiraiki.product_attribute_value_sxxl"
boxwise_wms_pampiraiki.product_attribute_line_cladpa_ss,boxwise_wms_pampiraiki.product_template_v2_cladpa,boxwise_wms_pampiraiki.product_attribute_season,"boxwise_wms_pampiraiki.product_attribute_value_season_w,boxwise_wms_pampiraiki.product_attribute_value_season_s"
boxwise_wms_pampiraiki.product_attribute_line_cladund_g,boxwise_wms_pampiraiki.product_template_v2_cladund,boxwise_wms_pampiraiki.product_attribute_gender,"boxwise_wms_pampiraiki.product_attribute_value_gmix,boxwise_wms_pampiraiki.product_attribute_value_gm,boxwise_wms_pampiraiki.product_attribute_value_gw,boxwise_wms_pampiraiki.product_attribute_value_gu"
boxwise_wms_pampiraiki.product_attribute_line_cladund_sz,boxwise_wms_pampiraiki.product_template_v2_cladund,boxwise_wms_pampiraiki.product_attribute_size,"boxwise_wms_pampiraiki.product_attribute_value_smix,boxwise_wms_pampiraiki.product_attribute_value_sxs,boxwise_wms_pampiraiki.product_attribute_value_ss,boxwise_wms_pampiraiki.product_attribute_value_sm,boxwise_wms_pampiraiki.product_attribute_value_sl,boxwise_wms_pampiraiki.product_attribute_value_sxl,boxwise_wms_pampiraiki.product_attribute_value_sxxl"
boxwise_wms_pampiraiki.product_attribute_line_cladrai_g,boxwise_wms_pampiraiki.product_template_v2_cladrai,boxwise_wms_pampiraiki.product_attribute_gender,"boxwise_wms_pampiraiki.product_attribute_value_gmix,boxwise_wms_pampiraiki.product_attribute_value_gm,boxwise_wms_pampiraiki.product_attribute_value_gw,boxwise_wms_pampiraiki.product_attribute_value_gu"
boxwise_wms_pampiraiki.product_attribute_line_cladrai_sz,boxwise_wms_pampiraiki.product_template_v2_cladrai,boxwise_wms_pampiraiki.product_attribute_size,"boxwise_wms_pampiraiki.product_attribute_value_smix,boxwise_wms_pampiraiki.product_attribute_value_sxs,boxwise_wms_pampiraiki.product_attribute_value_ss,boxwise_wms_pampiraiki.product_attribute_value_sm,boxwise_wms_pampiraiki.product_attribute_value_sl,boxwise_wms_pampiraiki.product_attribute_value_sxl,boxwise_wms_pampiraiki.product_attribute_value_sxxl"
boxwise_wms_pampiraiki.product_attribute_line_clchtop_g,boxwise_wms_pampiraiki.product_template_v2_clchtop,boxwise_wms_pampiraiki.product_attribute_gender,"boxwise_wms_pampiraiki.product_attribute_value_gmix,boxwise_wms_pampiraiki.product_attribute_value_gb,boxwise_wms_pampiraiki.product_attribute_value_gg,boxwise_wms_pampiraiki.product_attribute_value_gu"
boxwise_wms_pampiraiki.product_attribute_line_clchtop_sz,boxwise_wms_pampiraiki.product_template_v2_clchtop,boxwise_wms_pampiraiki.product_attribute_size,"boxwise_wms_pampiraiki.product_attribute_value_smix,boxwise_wms_pampiraiki.product_attribute_value_s13y,boxwise_wms_pampiraiki.product_attribute_value_s47y,boxwise_wms_pampiraiki.product_attribute_value_s811y,boxwise_wms_pampiraiki.product_attribute_value_s1216y"
boxwise_wms_pampiraiki.product_attribute_line_clchtop_ss,boxwise_wms_pampiraiki.product_template_v2_clchtop,boxwise_wms_pampiraiki.product_attribute_season,"boxwise_wms_pampiraiki.product_attribute_value_season_w,boxwise_wms_pampiraiki.product_attribute_value_season_s"
boxwise_wms_pampiraiki.product_attribute_line_clchtr_g,boxwise_wms_pampiraiki.product_template_v2_clchtr,boxwise_wms_pampiraiki.product_attribute_gender,"boxwise_wms_pampiraiki.product_attribute_value_gmix,boxwise_wms_pampiraiki.product_attribute_value_gb,boxwise_wms_pampiraiki.product_attribute_value_gg,boxwise_wms_pampiraiki.product_attribute_value_gu"
boxwise_wms_pampiraiki.product_attribute_line_clchtr_sz,boxwise_wms_pampiraiki.product_template_v2_clchtr,boxwise_wms_pampiraiki.product_attribute_size,"boxwise_wms_pampiraiki.product_attribute_value_smix,boxwise_wms_pampiraiki.product_attribute_value_s13y,boxwise_wms_pampiraiki.product_attribute_value_s47y,boxwise_wms_pampiraiki.product_attribute_value_s811y,boxwise_wms_pampiraiki.product_attribute_value_s1216y"
boxwise_wms_pampiraiki.product_attribute_line_clchtr_ss,boxwise_wms_pampiraiki.product_template_v2_clchtr,boxwise_wms_pampiraiki.product_attribute_season,"boxwise_wms_pampiraiki.product_attribute_value_season_w,boxwise_wms_pampiraiki.product_attribute_value_season_s"
boxwise_wms_pampiraiki.product_attribute_line_clchjo_g,boxwise_wms_pampiraiki.product_template_v2_clchjo,boxwise_wms_pampiraiki.product_attribute_gender,"boxwise_wms_pampiraiki.product_attribute_value_gmix,boxwise_wms_pampiraiki.product_attribute_value_gb,boxwise_wms_pampiraiki.product_attribute_value_gg,boxwise_wms_pampiraiki.product_attribute_value_gu"
boxwise_wms_pampiraiki.product_attribute_line_clchjo_sz,boxwise_wms_pampiraiki.product_template_v2_clchjo,boxwise_wms_pampiraiki.product_attribute_size,"boxwise_wms_pampiraiki.product_attribute_value_smix,boxwise_wms_pampiraiki.product_attribute_value_s13y,boxwise_wms_pampiraiki.product_attribute_value_s47y,boxwise_wms_pampiraiki.product_attribute_value_s811y,boxwise_wms_pampiraiki.product_attribute_value_s1216y"
boxwise_wms_pampiraiki.product_attribute_line_clchjo_ss,boxwise_wms_pampiraiki.product_template_v2_clchjo,boxwise_wms_pampiraiki.product_attribute_season,boxwise_wms_pampiraiki.product_attribute_value_season_w
boxwise_wms_pampiraiki.product_attribute_line_clchpa_g,boxwise_wms_pampiraiki.product_template_v2_clchpa,boxwise_wms_pampiraiki.product_attribute_gender,"boxwise_wms_pampiraiki.product_attribute_value_gmix,boxwise_wms_pampiraiki.product_attribute_value_gb,boxwise_wms_pampiraiki.product_attribute_value_gg,boxwise_wms_pampiraiki.product_attribute_value_gu"
boxwise_wms_pampiraiki.product_attribute_line_clchpa_sz,boxwise_wms_pampiraiki.product_template_v2_clchpa,boxwise_wms_pampiraiki.product_attribute_size,"boxwise_wms_pampiraiki.product_attribute_value_smix,boxwise_wms_pampiraiki.product_attribute_value_s13y,boxwise_wms_pampiraiki.product_attribute_value_s47y,boxwise_wms_pampiraiki.product_attribute_value_s811y,boxwise_wms_pampiraiki.product_attribute_value_s1216y"
boxwise_wms_pampiraiki.product_attribute_line_clchpa_ss,boxwise_wms_pampiraiki.product_template_v2_clchpa,boxwise_wms_pampiraiki.product_attribute_season,"boxwise_wms_pampiraiki.product_attribute_value_season_w,boxwise_wms_pampiraiki.product_attribute_value_season_s"
boxwise_wms_pampiraiki.product_attribute_line_clchund_g,boxwise_wms_pampiraiki.product_template_v2_clchund,boxwise_wms_pampiraiki.product_attribute_gender,"boxwise_wms_pampiraiki.product_attribute_value_gmix,boxwise_wms_pampiraiki.product_attribute_value_gb,boxwise_wms_pampiraiki.product_attribute_value_gg"
boxwise_wms_pampiraiki.product_attribute_line_clchund_sz,boxwise_wms_pampiraiki.product_template_v2_clchund,boxwise_wms_pampiraiki.product_attribute_size,"boxwise_wms_pampiraiki.product_attribute_value_smix,boxwise_wms_pampiraiki.product_attribute_value_s13y,boxwise_wms_pampiraiki.product_attribute_value_s47y,boxwise_wms_pampiraiki.product_attribute_value_s811y,boxwise_wms_pampiraiki.product_attribute_value_s1216y"
boxwise_wms_pampiraiki.product_attribute_line_clchund_ss,boxwise_wms_pampiraiki.product_template_v2_clchund,boxwise_wms_pampiraiki.product_attribute_season,"boxwise_wms_pampiraiki.product_attribute_value_season_w,boxwise_wms_pampiraiki.product_attribute_value_season_s"
boxwise_wms_pampiraiki.product_attribute_line_clchrai_g,boxwise_wms_pampiraiki.product_template_v2_clchrai,boxwise_wms_pampiraiki.product_attribute_gender,"boxwise_wms_pampiraiki.product_attribute_value_gmix,boxwise_wms_pampiraiki.product_attribute_value_gb,boxwise_wms_pampiraiki.product_attribute_value_gg,boxwise_wms_pampiraiki.product_attribute_value_gu"
boxwise_wms_pampiraiki.product_attribute_line_clchrai_sz,boxwise_wms_pampiraiki.product_template_v2_clchrai,boxwise_wms_pampiraiki.product_attribute_size,"boxwise_wms_pampiraiki.product_attribute_value_smix,boxwise_wms_pampiraiki.product_attribute_value_s13y,boxwise_wms_pampiraiki.product_attribute_value_s47y,boxwise_wms_pampiraiki.product_attribute_value_s811y,boxwise_wms_pampiraiki.product_attribute_value_s1216y"
,,,
,,,
,,,
boxwise_wms_pampiraiki.product_attribute_line_clbabpa_g,boxwise_wms_pampiraiki.product_template_v2_clbabpa,boxwise_wms_pampiraiki.product_attribute_gender,"boxwise_wms_pampiraiki.product_attribute_value_gmix,boxwise_wms_pampiraiki.product_attribute_value_gbb,boxwise_wms_pampiraiki.product_attribute_value_gbg,boxwise_wms_pampiraiki.product_attribute_value_gu"
,,,
boxwise_wms_pampiraiki.product_attribute_line_clbabso_g,boxwise_wms_pampiraiki.product_template_v2_clbabso,boxwise_wms_pampiraiki.product_attribute_gender,"boxwise_wms_pampiraiki.product_attribute_value_gmix,boxwise_wms_pampiraiki.product_attribute_value_gbb,boxwise_wms_pampiraiki.product_attribute_value_gbg,boxwise_wms_pampiraiki.product_attribute_value_gu"
,,,
boxwise_wms_pampiraiki.product_attribute_line_clbabcl_g,boxwise_wms_pampiraiki.product_template_v2_clbabcl,boxwise_wms_pampiraiki.product_attribute_gender,"boxwise_wms_pampiraiki.product_attribute_value_gmix,boxwise_wms_pampiraiki.product_attribute_value_gbb,boxwise_wms_pampiraiki.product_attribute_value_gbg,boxwise_wms_pampiraiki.product_attribute_value_gu"
boxwise_wms_pampiraiki.product_attribute_line_clbabcl_sz,boxwise_wms_pampiraiki.product_template_v2_clbabcl,boxwise_wms_pampiraiki.product_attribute_size,"boxwise_wms_pampiraiki.product_attribute_value_smix,boxwise_wms_pampiraiki.product_attribute_value_s06m,boxwise_wms_pampiraiki.product_attribute_value_s612m,boxwise_wms_pampiraiki.product_attribute_value_s012m"
boxwise_wms_pampiraiki.product_attribute_line_clbabcl_ss,boxwise_wms_pampiraiki.product_template_v2_clbabcl,boxwise_wms_pampiraiki.product_attribute_season,"boxwise_wms_pampiraiki.product_attribute_value_season_w,boxwise_wms_pampiraiki.product_attribute_value_season_s"
,,,
,,,
,,,
boxwise_wms_pampiraiki.product_attribute_line_shadtr_g,boxwise_wms_pampiraiki.product_template_v2_shadtr,boxwise_wms_pampiraiki.product_attribute_gender,"boxwise_wms_pampiraiki.product_attribute_value_gmix,boxwise_wms_pampiraiki.product_attribute_value_gm,boxwise_wms_pampiraiki.product_attribute_value_gw,boxwise_wms_pampiraiki.product_attribute_value_gu"
boxwise_wms_pampiraiki.product_attribute_line_shadtr_ssz,boxwise_wms_pampiraiki.product_template_v2_shadtr,boxwise_wms_pampiraiki.product_attribute_shoesize,"boxwise_wms_pampiraiki.product_attribute_value_smix,boxwise_wms_pampiraiki.product_attribute_value_ss35,boxwise_wms_pampiraiki.product_attribute_value_ss36,boxwise_wms_pampiraiki.product_attribute_value_ss37,boxwise_wms_pampiraiki.product_attribute_value_ss38,boxwise_wms_pampiraiki.product_attribute_value_ss39,boxwise_wms_pampiraiki.product_attribute_value_ss40,boxwise_wms_pampiraiki.product_attribute_value_ss41,boxwise_wms_pampiraiki.product_attribute_value_ss42,boxwise_wms_pampiraiki.product_attribute_value_ss43,boxwise_wms_pampiraiki.product_attribute_value_ss44,boxwise_wms_pampiraiki.product_attribute_value_ss45,boxwise_wms_pampiraiki.product_attribute_value_ss46"
boxwise_wms_pampiraiki.product_attribute_line_shadtr_ss,boxwise_wms_pampiraiki.product_template_v2_shadtr,boxwise_wms_pampiraiki.product_attribute_season,boxwise_wms_pampiraiki.product_attribute_value_season_s
boxwise_wms_pampiraiki.product_attribute_line_shadsh_g,boxwise_wms_pampiraiki.product_template_v2_shadsh,boxwise_wms_pampiraiki.product_attribute_gender,"boxwise_wms_pampiraiki.product_attribute_value_gmix,boxwise_wms_pampiraiki.product_attribute_value_gm,boxwise_wms_pampiraiki.product_attribute_value_gw,boxwise_wms_pampiraiki.product_attribute_value_gu"
boxwise_wms_pampiraiki.product_attribute_line_shadsh_ssz,boxwise_wms_pampiraiki.product_template_v2_shadsh,boxwise_wms_pampiraiki.product_attribute_shoesize,"boxwise_wms_pampiraiki.product_attribute_value_smix,boxwise_wms_pampiraiki.product_attribute_value_ss35,boxwise_wms_pampiraiki.product_attribute_value_ss36,boxwise_wms_pampiraiki.product_attribute_value_ss37,boxwise_wms_pampiraiki.product_attribute_value_ss38,boxwise_wms_pampiraiki.product_attribute_value_ss39,boxwise_wms_pampiraiki.product_attribute_value_ss40,boxwise_wms_pampiraiki.product_attribute_value_ss41,boxwise_wms_pampiraiki.product_attribute_value_ss42,boxwise_wms_pampiraiki.product_attribute_value_ss43,boxwise_wms_pampiraiki.product_attribute_value_ss44,boxwise_wms_pampiraiki.product_attribute_value_ss45,boxwise_wms_pampiraiki.product_attribute_value_ss46"
boxwise_wms_pampiraiki.product_attribute_line_shadsh_ss,boxwise_wms_pampiraiki.product_template_v2_shadsh,boxwise_wms_pampiraiki.product_attribute_season,boxwise_wms_pampiraiki.product_attribute_value_season_s
boxwise_wms_pampiraiki.product_attribute_line_shadsa_g,boxwise_wms_pampiraiki.product_template_v2_shadsa,boxwise_wms_pampiraiki.product_attribute_gender,"boxwise_wms_pampiraiki.product_attribute_value_gmix,boxwise_wms_pampiraiki.product_attribute_value_gm,boxwise_wms_pampiraiki.product_attribute_value_gw,boxwise_wms_pampiraiki.product_attribute_value_gu"
boxwise_wms_pampiraiki.product_attribute_line_shadsa_ssz,boxwise_wms_pampiraiki.product_template_v2_shadsa,boxwise_wms_pampiraiki.product_attribute_shoesize,"boxwise_wms_pampiraiki.product_attribute_value_smix,boxwise_wms_pampiraiki.product_attribute_value_ss35,boxwise_wms_pampiraiki.product_attribute_value_ss36,boxwise_wms_pampiraiki.product_attribute_value_ss37,boxwise_wms_pampiraiki.product_attribute_value_ss38,boxwise_wms_pampiraiki.product_attribute_value_ss39,boxwise_wms_pampiraiki.product_attribute_value_ss40,boxwise_wms_pampiraiki.product_attribute_value_ss41,boxwise_wms_pampiraiki.product_attribute_value_ss42,boxwise_wms_pampiraiki.product_attribute_value_ss43,boxwise_wms_pampiraiki.product_attribute_value_ss44,boxwise_wms_pampiraiki.product_attribute_value_ss45,boxwise_wms_pampiraiki.product_attribute_value_ss46"
boxwise_wms_pampiraiki.product_attribute_line_shadsa_ss,boxwise_wms_pampiraiki.product_template_v2_shadsa,boxwise_wms_pampiraiki.product_attribute_season,boxwise_wms_pampiraiki.product_attribute_value_season_s
,,,
,,,
boxwise_wms_pampiraiki.product_attribute_line_shchtr_g,boxwise_wms_pampiraiki.product_template_v2_shchtr,boxwise_wms_pampiraiki.product_attribute_gender,"boxwise_wms_pampiraiki.product_attribute_value_gmix,boxwise_wms_pampiraiki.product_attribute_value_gb,boxwise_wms_pampiraiki.product_attribute_value_gg,boxwise_wms_pampiraiki.product_attribute_value_gu"
boxwise_wms_pampiraiki.product_attribute_line_shchtr_ssz,boxwise_wms_pampiraiki.product_template_v2_shchtr,boxwise_wms_pampiraiki.product_attribute_shoesize,"boxwise_wms_pampiraiki.product_attribute_value_smix,boxwise_wms_pampiraiki.product_attribute_value_ss23,boxwise_wms_pampiraiki.product_attribute_value_ss24,boxwise_wms_pampiraiki.product_attribute_value_ss25,boxwise_wms_pampiraiki.product_attribute_value_ss26,boxwise_wms_pampiraiki.product_attribute_value_ss27,boxwise_wms_pampiraiki.product_attribute_value_ss28,boxwise_wms_pampiraiki.product_attribute_value_ss29,boxwise_wms_pampiraiki.product_attribute_value_ss30,boxwise_wms_pampiraiki.product_attribute_value_ss31,boxwise_wms_pampiraiki.product_attribute_value_ss32,boxwise_wms_pampiraiki.product_attribute_value_ss33,boxwise_wms_pampiraiki.product_attribute_value_ss34"
boxwise_wms_pampiraiki.product_attribute_line_shchtr_ss,boxwise_wms_pampiraiki.product_template_v2_shchtr,boxwise_wms_pampiraiki.product_attribute_season,boxwise_wms_pampiraiki.product_attribute_value_season_s
boxwise_wms_pampiraiki.product_attribute_line_shchsh_g,boxwise_wms_pampiraiki.product_template_v2_shchsh,boxwise_wms_pampiraiki.product_attribute_gender,"boxwise_wms_pampiraiki.product_attribute_value_gmix,boxwise_wms_pampiraiki.product_attribute_value_gb,boxwise_wms_pampiraiki.product_attribute_value_gg,boxwise_wms_pampiraiki.product_attribute_value_gu"
boxwise_wms_pampiraiki.product_attribute_line_shchsh_ssz,boxwise_wms_pampiraiki.product_template_v2_shchsh,boxwise_wms_pampiraiki.product_attribute_shoesize,"boxwise_wms_pampiraiki.product_attribute_value_smix,boxwise_wms_pampiraiki.product_attribute_value_ss23,boxwise_wms_pampiraiki.product_attribute_value_ss24,boxwise_wms_pampiraiki.product_attribute_value_ss25,boxwise_wms_pampiraiki.product_attribute_value_ss26,boxwise_wms_pampiraiki.product_attribute_value_ss27,boxwise_wms_pampiraiki.product_attribute_value_ss28,boxwise_wms_pampiraiki.product_attribute_value_ss29,boxwise_wms_pampiraiki.product_attribute_value_ss30,boxwise_wms_pampiraiki.product_attribute_value_ss31,boxwise_wms_pampiraiki.product_attribute_value_ss32,boxwise_wms_pampiraiki.product_attribute_value_ss33,boxwise_wms_pampiraiki.product_attribute_value_ss34"
boxwise_wms_pampiraiki.product_attribute_line_shchsh_ss,boxwise_wms_pampiraiki.product_template_v2_shchsh,boxwise_wms_pampiraiki.product_attribute_season,boxwise_wms_pampiraiki.product_attribute_value_season_s
boxwise_wms_pampiraiki.product_attribute_line_shchsa_g,boxwise_wms_pampiraiki.product_template_v2_shchsa,boxwise_wms_pampiraiki.product_attribute_gender,"boxwise_wms_pampiraiki.product_attribute_value_gmix,boxwise_wms_pampiraiki.product_attribute_value_gb,boxwise_wms_pampiraiki.product_attribute_value_gg,boxwise_wms_pampiraiki.product_attribute_value_gu"
boxwise_wms_pampiraiki.product_attribute_line_shchsa_ssz,boxwise_wms_pampiraiki.product_template_v2_shchsa,boxwise_wms_pampiraiki.product_attribute_shoesize,"boxwise_wms_pampiraiki.product_attribute_value_smix,boxwise_wms_pampiraiki.product_attribute_value_ss23,boxwise_wms_pampiraiki.product_attribute_value_ss24,boxwise_wms_pampiraiki.product_attribute_value_ss25,boxwise_wms_pampiraiki.product_attribute_value_ss26,boxwise_wms_pampiraiki.product_attribute_value_ss27,boxwise_wms_pampiraiki.product_attribute_value_ss28,boxwise_wms_pampiraiki.product_attribute_value_ss29,boxwise_wms_pampiraiki.product_attribute_value_ss30,boxwise_wms_pampiraiki.product_attribute_value_ss31,boxwise_wms_pampiraiki.product_attribute_value_ss32,boxwise_wms_pampiraiki.product_attribute_value_ss33,boxwise_wms_pampiraiki.product_attribute_value_ss34"
boxwise_wms_pampiraiki.product_attribute_line_shchsa_ss,boxwise_wms_pampiraiki.product_template_v2_shchsa,boxwise_wms_pampiraiki.product_attribute_season,boxwise_wms_pampiraiki.product_attribute_value_season_s
,,,
,,,
boxwise_wms_pampiraiki.product_attribute_line_shbab_g,boxwise_wms_pampiraiki.product_template_v2_shbab,boxwise_wms_pampiraiki.product_attribute_gender,"boxwise_wms_pampiraiki.product_attribute_value_gmix,boxwise_wms_pampiraiki.product_attribute_value_gbb,boxwise_wms_pampiraiki.product_attribute_value_gbg,boxwise_wms_pampiraiki.product_attribute_value_gu"
boxwise_wms_pampiraiki.product_attribute_line_shbab_ssz,boxwise_wms_pampiraiki.product_template_v2_shbab,boxwise_wms_pampiraiki.product_attribute_shoesize,"boxwise_wms_pampiraiki.product_attribute_value_smix,boxwise_wms_pampiraiki.product_attribute_value_ss20,boxwise_wms_pampiraiki.product_attribute_value_ss21,boxwise_wms_pampiraiki.product_attribute_value_ss22"
boxwise_wms_pampiraiki.product_attribute_line_shbab_ss,boxwise_wms_pampiraiki.product_template_v2_shbab,boxwise_wms_pampiraiki.product_attribute_season,"boxwise_wms_pampiraiki.product_attribute_value_season_s,boxwise_wms_pampiraiki.product_attribute_value_season_w"
,,,
boxwise_wms_pampiraiki.product_attribute_line_shadbo_g,boxwise_wms_pampiraiki.product_template_v2_shadbo,boxwise_wms_pampiraiki.product_attribute_gender,"boxwise_wms_pampiraiki.product_attribute_value_gmix,boxwise_wms_pampiraiki.product_attribute_value_gm,boxwise_wms_pampiraiki.product_attribute_value_gw,boxwise_wms_pampiraiki.product_attribute_value_gu"
boxwise_wms_pampiraiki.product_attribute_line_shadbo_ssz,boxwise_wms_pampiraiki.product_template_v2_shadbo,boxwise_wms_pampiraiki.product_attribute_shoesize,"boxwise_wms_pampiraiki.product_attribute_value_smix,boxwise_wms_pampiraiki.product_attribute_value_ss35,boxwise_wms_pampiraiki.product_attribute_value_ss36,boxwise_wms_pampiraiki.product_attribute_value_ss37,boxwise_wms_pampiraiki.product_attribute_value_ss38,boxwise_wms_pampiraiki.product_attribute_value_ss39,boxwise_wms_pampiraiki.product_attribute_value_ss40,boxwise_wms_pampiraiki.product_attribute_value_ss41,boxwise_wms_pampiraiki.product_attribute_value_ss42,boxwise_wms_pampiraiki.product_attribute_value_ss43,boxwise_wms_pampiraiki.product_attribute_value_ss44,boxwise_wms_pampiraiki.product_attribute_value_ss45,boxwise_wms_pampiraiki.product_attribute_value_ss46"
boxwise_wms_pampiraiki.product_attribute_line_shadbo_ss,boxwise_wms_pampiraiki.product_template_v2_shadbo,boxwise_wms_pampiraiki.product_attribute_season,boxwise_wms_pampiraiki.product_attribute_value_season_w
boxwise_wms_pampiraiki.product_attribute_line_shadrai_g,boxwise_wms_pampiraiki.product_template_v2_shadrai,boxwise_wms_pampiraiki.product_attribute_gender,"boxwise_wms_pampiraiki.product_attribute_value_gmix,boxwise_wms_pampiraiki.product_attribute_value_gm,boxwise_wms_pampiraiki.product_attribute_value_gw,boxwise_wms_pampiraiki.product_attribute_value_gu"
boxwise_wms_pampiraiki.product_attribute_line_shadrai_ssz,boxwise_wms_pampiraiki.product_template_v2_shadrai,boxwise_wms_pampiraiki.product_attribute_shoesize,"boxwise_wms_pampiraiki.product_attribute_value_smix,boxwise_wms_pampiraiki.product_attribute_value_ss35,boxwise_wms_pampiraiki.product_attribute_value_ss36,boxwise_wms_pampiraiki.product_attribute_value_ss37,boxwise_wms_pampiraiki.product_attribute_value_ss38,boxwise_wms_pampiraiki.product_attribute_value_ss39,boxwise_wms_pampiraiki.product_attribute_value_ss40,boxwise_wms_pampiraiki.product_attribute_value_ss41,boxwise_wms_pampiraiki.product_attribute_value_ss42,boxwise_wms_pampiraiki.product_attribute_value_ss43,boxwise_wms_pampiraiki.product_attribute_value_ss44,boxwise_wms_pampiraiki.product_attribute_value_ss45,boxwise_wms_pampiraiki.product_attribute_value_ss46"
boxwise_wms_pampiraiki.product_attribute_line_shadrai_ss,boxwise_wms_pampiraiki.product_template_v2_shadrai,boxwise_wms_pampiraiki.product_attribute_season,boxwise_wms_pampiraiki.product_attribute_value_season_w
,,,
,,,
boxwise_wms_pampiraiki.product_attribute_line_shchbo_g,boxwise_wms_pampiraiki.product_template_v2_shchbo,boxwise_wms_pampiraiki.product_attribute_gender,"boxwise_wms_pampiraiki.product_attribute_value_gmix,boxwise_wms_pampiraiki.product_attribute_value_gb,boxwise_wms_pampiraiki.product_attribute_value_gg,boxwise_wms_pampiraiki.product_attribute_value_gu"
boxwise_wms_pampiraiki.product_attribute_line_shchbo_ssz,boxwise_wms_pampiraiki.product_template_v2_shchbo,boxwise_wms_pampiraiki.product_attribute_shoesize,"boxwise_wms_pampiraiki.product_attribute_value_smix,boxwise_wms_pampiraiki.product_attribute_value_ss23,boxwise_wms_pampiraiki.product_attribute_value_ss24,boxwise_wms_pampiraiki.product_attribute_value_ss25,boxwise_wms_pampiraiki.product_attribute_value_ss26,boxwise_wms_pampiraiki.product_attribute_value_ss27,boxwise_wms_pampiraiki.product_attribute_value_ss28,boxwise_wms_pampiraiki.product_attribute_value_ss29,boxwise_wms_pampiraiki.product_attribute_value_ss30,boxwise_wms_pampiraiki.product_attribute_value_ss31,boxwise_wms_pampiraiki.product_attribute_value_ss32,boxwise_wms_pampiraiki.product_attribute_value_ss33,boxwise_wms_pampiraiki.product_attribute_value_ss34"
boxwise_wms_pampiraiki.product_attribute_line_shchbo_ss,boxwise_wms_pampiraiki.product_template_v2_shchbo,boxwise_wms_pampiraiki.product_attribute_season,boxwise_wms_pampiraiki.product_attribute_value_season_w
boxwise_wms_pampiraiki.product_attribute_line_shchrai_g,boxwise_wms_pampiraiki.product_template_v2_shchrai,boxwise_wms_pampiraiki.product_attribute_gender,"boxwise_wms_pampiraiki.product_attribute_value_gmix,boxwise_wms_pampiraiki.product_attribute_value_gb,boxwise_wms_pampiraiki.product_attribute_value_gg,boxwise_wms_pampiraiki.product_attribute_value_gu"
boxwise_wms_pampiraiki.product_attribute_line_shchrai_ssz,boxwise_wms_pampiraiki.product_template_v2_shchrai,boxwise_wms_pampiraiki.product_attribute_shoesize,"boxwise_wms_pampiraiki.product_attribute_value_smix,boxwise_wms_pampiraiki.product_attribute_value_ss23,boxwise_wms_pampiraiki.product_attribute_value_ss24,boxwise_wms_pampiraiki.product_attribute_value_ss25,boxwise_wms_pampiraiki.product_attribute_value_ss26,boxwise_wms_pampiraiki.product_attribute_value_ss27,boxwise_wms_pampiraiki.product_attribute_value_ss28,boxwise_wms_pampiraiki.product_attribute_value_ss29,boxwise_wms_pampiraiki.product_attribute_value_ss30,boxwise_wms_pampiraiki.product_attribute_value_ss31,boxwise_wms_pampiraiki.product_attribute_value_ss32,boxwise_wms_pampiraiki.product_attribute_value_ss33,boxwise_wms_pampiraiki.product_attribute_value_ss34"
boxwise_wms_pampiraiki.product_attribute_line_shchrai_ss,boxwise_wms_pampiraiki.product_template_v2_shchrai,boxwise_wms_pampiraiki.product_attribute_season,boxwise_wms_pampiraiki.product_attribute_value_season_w
